{"@class":"app.Task","ownCS":{"min":{"x":-10.0,"y":-10.0},"max":{"x":10.0,"y":10.0}},"circles":[{"center":{"x":-0.5587668593448942,"y":1.9713261648745526},"rad":5.086529831365947},{"center":{"x":3.25626204238921,"y":-4.086021505376344},"rad":6.786626539541218}],"solved":false}